{"year":[1999,1999,1999,1999,2000,2000,2000,2000,2001,2001,2001,2001,2001,2002,2002,2002,2002,2002,2003,2003,2003,2003,2003,2004,2004,2004,2004,2004,2005,2005,2005,2005,2005,2006,2006,2006,2006,2006,2007,2007,2007,2007,2007,2008,2008,2008,2008,2008,2009,2009,2009,2009,2009,2010,2010,2010,2010,2010,2011,2011,2011,2011,2011,2012,2012,2012,2012,2012,2013,2013,2013,2013,2013,2014,2014,2014,2014,2014],"mdma":["Pure MDMA","More MDMA","Less MDMA","No MDMA","Pure MDMA","More MDMA","Less MDMA","No MDMA","Pure MDMA","More MDMA","Less MDMA","No MDMA","Unknown","Pure MDMA","More MDMA","Less MDMA","No MDMA","Unknown","Pure MDMA","More MDMA","Less MDMA","No MDMA","Unknown","Pure MDMA","More MDMA","Less MDMA","No MDMA","Unknown","Pure MDMA","More MDMA","Less MDMA","No MDMA","Unknown","Pure MDMA","More MDMA","Less MDMA","No MDMA","Unknown","Pure MDMA","More MDMA","Less MDMA","No MDMA","Unknown","Pure MDMA","More MDMA","Less MDMA","No MDMA","Unknown","Pure MDMA","More MDMA","Less MDMA","No MDMA","Unknown","Pure MDMA","More MDMA","Less MDMA","No MDMA","Unknown","Pure MDMA","More MDMA","Less MDMA","No MDMA","Unknown","Pure MDMA","More MDMA","Less MDMA","No MDMA","Unknown","Pure MDMA","More MDMA","Less MDMA","No MDMA","Unknown","Pure MDMA","More MDMA","Less MDMA","No MDMA","Unknown"],"count":[35,4,1,29,152,8,7,166,165,11,22,132,2,98,14,40,143,6,58,8,18,69,2,16,23,29,88,3,39,23,24,49,1,8,5,15,7,11,10,5,12,25,16,7,4,7,21,7,10,12,8,85,18,43,26,6,67,5,37,30,22,113,18,39,21,11,120,52,59,17,6,103,47,69,15,7,104,20],"proportion":[0.507246376811594,0.0579710144927536,0.0144927536231884,0.420289855072464,0.456456456456456,0.024024024024024,0.021021021021021,0.498498498498498,0.496987951807229,0.0331325301204819,0.0662650602409639,0.397590361445783,0.00602409638554217,0.325581395348837,0.0465116279069767,0.132890365448505,0.475083056478405,0.0199335548172757,0.374193548387097,0.0516129032258065,0.116129032258065,0.445161290322581,0.0129032258064516,0.10062893081761,0.144654088050314,0.182389937106918,0.553459119496855,0.0188679245283019,0.286764705882353,0.169117647058824,0.176470588235294,0.360294117647059,0.00735294117647059,0.173913043478261,0.108695652173913,0.326086956521739,0.152173913043478,0.239130434782609,0.147058823529412,0.0735294117647059,0.176470588235294,0.367647058823529,0.235294117647059,0.152173913043478,0.0869565217391304,0.152173913043478,0.456521739130435,0.152173913043478,0.075187969924812,0.0902255639097744,0.0601503759398496,0.639097744360902,0.135338345864662,0.292517006802721,0.17687074829932,0.0408163265306122,0.45578231292517,0.0340136054421769,0.168181818181818,0.136363636363636,0.1,0.513636363636364,0.0818181818181818,0.160493827160494,0.0864197530864197,0.0452674897119342,0.493827160493827,0.213991769547325,0.254310344827586,0.0732758620689655,0.0258620689655172,0.443965517241379,0.202586206896552,0.32093023255814,0.0697674418604651,0.0325581395348837,0.483720930232558,0.0930232558139535]}
